Date,Publication,Section,Page,Title,Author,External URL,CoE URL,Words,Language,Translation,Hide,Comment
05/29/25,Primavera,,,Entrevista a Chris Korda,Jaime,,https://www.churchofeuthanasia.org/press/primavera.html,796,Spanish,https://www.churchofeuthanasia.org/press/primavera_eng.html,,
02/17/25,Mixmag Spain,,,Chris Korda y Yoyaku relanzan el clásico 'The (Wo)Man Of The Future' en un vinilo doble,Fede Cortina,https://mixmag.es/read/chris-korda-y-yoyaku-relanzan-el-clasico-the-woman-of-the-future-en-un-vinilo-doble-news,https://www.churchofeuthanasia.org/press/mixmagspain_twmotf.html,351,Spanish,,,
09/26/24,A Cabine,,,Chris Korda está de volta ao país no início de outubro,Daniel Duque,https://acabine.pt/2024/09/chris-korda-esta-de-volta-ao-pais-no-inicio-de-outubro/,https://www.churchofeuthanasia.org/press/acabine.html,262,Portuguese,https://www.churchofeuthanasia.org/press/acabine_eng.html,,
08/29/24,Choices,,,Wir wollen Rituale kreieren,Christoph Zimmermann,https://www.choices.de/daniel-schuessler-save-the-planet-kill-yourself-tanzfaktur-technologiepark-studiobuehne,https://www.churchofeuthanasia.org/press/choices.html,1291,German,https://www.churchofeuthanasia.org/press/choices_eng.html,,
08/26/24,Mixmag Spain,,,Hablamos con Chris Korda sobre su nuevo álbum 'Avenging Angels Of Software',Fede Cortina,https://mixmag.es/read/hablamos-con-chriskorda-news,https://www.churchofeuthanasia.org/press/mixmagspain.html,1940,Spanish,https://www.churchofeuthanasia.org/press/mixmagspain_eng.html,,
07/03/24,Contemporary Art Library,,,Artist’s Con(tra)ception,,https://www.contemporaryartlibrary.org/project/chris-korda-at-kolnischer-kunstverein-cologne-33831,https://www.churchofeuthanasia.org/press/contemporaryartlibrary2.html,29,English,,,
06/27/24,Juno Daily,,,Chris Korda interview – “despite our hard-won wisdom we rampage like crazed beasts”,,https://www.juno.co.uk/junodaily/2024/06/27/chris-korda-interview-despite-our-hard-won-wisdom-we-rampage-like-crazed-beasts/,https://www.churchofeuthanasia.org/press/junodaily.html,1691,English,,,
06/18/24,KiVVON,Köln,,„Artist’s Con(tra)ception“: Kölnischer Kunstverein zeigt erste Ausstellung Chris Kordas in Deutschland,Jügen Schön,https://www.kivvon.com/de/koeln/artist-s-con-tra-ception-koelnischer-kunstverein-zeigt-erste-ausstellung-chris-kordas-in-deutschland,https://www.churchofeuthanasia.org/press/kivvon.html,667,German,https://www.churchofeuthanasia.org/press/kivvon_eng.html,,
06/10/24,Celebrity Café,,,Chris Korda - Alexandre Breton,Alexandre Breton,,https://www.churchofeuthanasia.org/press/celebritycafe.html,3078,French,https://www.churchofeuthanasia.org/press/celebritycafe-interview.html,,
05/31/24,Resident Advisor,,,"This week's new music: Chris Korda, Slim Soledad, Kamixlo",Michael Lawson,https://ra.co/news/80754,https://www.churchofeuthanasia.org/press/ra8.html,79,English,,,
05/29/24,Kölnische Rundschau,,,Golfender Donald Trump nebender Titanic,Jan Sting,,https://www.churchofeuthanasia.org/press/rundschau.html,564,German,https://www.churchofeuthanasia.org/press/rundschau_eng.html,,
05/24/24,Kölner Stadt-Anzeiger,Kultur & Medien,,Kölnischer Kunstverein - Chris Korda lädt uns zum kollektiven Freitod ein,Michael Kohler,https://www.ksta.de/kultur-medien/koelnischer-kunstverein-chris-korda-laedt-uns-zum-kollektiven-freitod-ein-799344,https://www.churchofeuthanasia.org/press/kolnerstadtanzeiger.html,799,German,https://www.churchofeuthanasia.org/press/kolnerstadtanzeiger_eng.html,,
05/23/24,Rolling Stone Italia,,,"Chris Korda: «Se l’umanità si estinguesse, la Terra starebbe molto meglio» ",Elisa Teneggi,https://www.rollingstone.it/musica/interviste-musica/chris-korda-se-lumanita-si-estinguesse-la-terra-starebbe-molto-meglio/909425/,https://www.churchofeuthanasia.org/press/rollingstoneitalia.html,3764,Italian,https://www.churchofeuthanasia.org/press/rollingstoneitalia_interview.html,,
04/22/24,Ouvert,People,,Interview with Chris Korda: “Not having children will save you much time and effort”,Andrea Dyrstad,https://ouvertmagazine.com/2024/04/22/interview-with-activist-and-artist-chris-korda/,https://www.churchofeuthanasia.org/press/ouvert.html,1731,English,,,
03/20/24,Têtu,Dancing Queer,143,Le classique international,Xavier Paufichet,,https://www.churchofeuthanasia.org/press/tetu2.html,142,French,https://www.churchofeuthanasia.org/press/tetu2_eng.html,,
01/24/24,Discours,Community,,“Save the planet - kill yourself”: Church of Euthanasia against everyone,Ekaterina Alexandrova,https://discours.io/articles/social/church-of-euthanasia,https://www.churchofeuthanasia.org/press/discours.html,5878,Russian,https://www.churchofeuthanasia.org/press/discours_eng.html,,
10/30/23,Bandcamp Daily,Features,,Chris Korda’s Complex Electronic Compositions Contemplate Collapse,Henry Ivry,https://daily.bandcamp.com/features/chris-korda-interview,https://www.churchofeuthanasia.org/press/bandcamp.html,1975,English,,,
10/09/23,Trommel,,,"Review: Chris Korda – Not My Problem, I'll be Dead EP [BBB]",Trommel Staff,https://trommelmusic.com/music/reviews/review-chris-korda-not-my-problem-ill-be-dead-ep-bbb/,https://www.churchofeuthanasia.org/press/trommel5.html,575,English,,,
10/01/23,The Wire,Soundcheck,49,"Chris Korda - Not My Problem, I'll Be Dead - Primitive Man",Claire Biddles,,https://www.churchofeuthanasia.org/press/thewire.html,362,English,,,
08/28/23,Beatburguer,,,Chris Korda: Primitive Man (YYK No Label),Miguel Pardo,https://beatburguer.com/chris-korda-primitive-man-yyk-no-label/,https://www.churchofeuthanasia.org/press/beatburguer2.html,518,Spanish,,,
06/10/23,Vakuum,,,Entschuldige dich bei der Zukunft,Anna Burai,,https://www.churchofeuthanasia.org/press/vakuum.html,2279,German,https://www.churchofeuthanasia.org/press/vakuum_eng.html,,
06/08/23,Resident Advisor,,,"Chris Korda - Not My Problem, I'll Be Dead",Henry Ivry,https://ra.co/reviews/35522,https://www.churchofeuthanasia.org/press/ra7.html,491,English,,,
05/20/23,Test Pressing,,,An Interview With Chris Korda By Josh M.A.D,Josh Ludlow,https://www.testpressing.org/magazine/an-interview-with-chris-korda-by-josh-m-a-d,https://www.churchofeuthanasia.org/press/testpressing.html,1140,English,,,
03/21/23,Beatburguer,,,"Chris Korda: Not My Problem, I’ll Be Dead",Julia Ortiz,https://beatburguer.com/chris-korda-not-my-problem-ill-be-dead-chris-korda/,https://www.churchofeuthanasia.org/press/beatburguer1.html,859,Spanish,https://www.churchofeuthanasia.org/press/beatburguer1_eng.html,,
03/19/23,Find Your Sounds,,,"Premiere : Chris Korda returns with her provocative club EP ‘Not My Problem, I’ll Be Dead’",Ozgur Timucin,https://findyoursounds.com/premiere-chris-korda-returns-with-her-provocative-club-ep-not-my-problem-ill-be-dead/,https://www.churchofeuthanasia.org/press/findyoursounds3.html,816,English,,,
03/15/23,Groove,Motherboard,,Motherboard: März 2023,Frank P. Eckert,https://groove.de/2023/03/15/motherboard-maerz-2023/5/,https://www.churchofeuthanasia.org/press/groove4.html,147,German,https://www.churchofeuthanasia.org/press/groove4_eng.html,,
02/20/23,Ransom Note,,,The DJ Pyramid,Chris Korda,https://www.theransomnote.com/commentary/opinion/the-dj-pyramid/,https://www.churchofeuthanasia.org/press/the_dj_pyramid.html,1354,English,,,
02/03/23,Kuba Paris,,,Indirect Methods – Chris Korda,,https://kubaparis.com/submission/288660,https://www.churchofeuthanasia.org/press/kubaparis.html,294,English,,,
01/19/23,24 Heures,,,Chris Korda dans ses cordes chez Circuit,Florence Millioud Henriques,https://www.24heures.ch/chris-korda-dans-ses-cordes-chez-circuit-641379796245,https://www.churchofeuthanasia.org/press/24heures.html,502,French,https://www.churchofeuthanasia.org/press/24heures_eng.html,,
01/01/23,Contemporary Art Library,,,Indirect Methods,,https://www.contemporaryartlibrary.org/project/chris-korda-at-circuit-centre-d-art-contemporain-lausanne-27214,https://www.churchofeuthanasia.org/press/contemporaryartlibrary.html,38,English,,,
12/15/22,Les Inrockuptibles,Arts & Scenes,,Nos 10 expos préférées de 2022,Ingrid Luquet-Gad,https://www.lesinrocks.com/arts-et-scenes/dix-expos-qui-ont-marque-2022-522059-15-12-2022/,https://www.churchofeuthanasia.org/press/lesinrockuptibles4.html,595,French,,,
11/30/22,Find Your Sounds,,,Chris Korda announces modern classical album ‘Indirect Methods’,Ozgur Timucin,https://findyoursounds.com/chris-korda-announces-modern-classical-album-indirect-methods-kevorkian-records/,https://www.churchofeuthanasia.org/press/findyoursounds2.html,426,English,,,
10/11/22,Trommel,,,Review: Chris Korda – More Than Four [CHXIV05],Jack Law,https://trommelmusic.com/music/review-chris-korda-more-than-four-chxiv05/,https://www.churchofeuthanasia.org/press/trommel4.html,488,English,,,
09/28/22,Daily Lazy,,,Chris Korda at Le Confort Moderne / Poitiers,,https://daily-lazy.com/2022/09/chris-korda-at-le-confort-moderne-poitiers.html,https://www.churchofeuthanasia.org/press/dailylazy.html,1314,English,,,
09/24/22,Groove,,,September 2022: Die essenziellen Alben (Teil 1),Andreas Cevatli,https://groove.de/2022/09/24/september-2022-die-essenziellen-alben-teil-1/,https://www.churchofeuthanasia.org/press/groove3.html,269,German,https://www.churchofeuthanasia.org/press/groove3_eng.html,,
09/22/22,Trou Noir,,,Chris Korda - Apologize to The Future,Marie Canet,https://www.trounoir.org/?Chris-Korda-Apologize-to-The-Future,https://www.churchofeuthanasia.org/press/trounoir.html,2023,French,https://www.churchofeuthanasia.org/press/trounoir_eng.html,,
09/19/22,Nowamuzyka,,,Chris Korda – More Than Four,Paweł Gzyl,https://www.nowamuzyka.pl/2022/09/19/chris-korda-more-than-four/,https://www.churchofeuthanasia.org/press/nowamuzyka.html,533,Polish,https://www.churchofeuthanasia.org/press/nowamuzyka_eng.html,,
09/05/22,CD HotList,Rock/Pop,,Chris Korda: More Than Four,Rick Anderson,https://cdhotlist.com/2022/09/05/september-2022/,https://www.churchofeuthanasia.org/press/cdhotlist.html,166,English,,,
08/26/22,Berghain,,,Interview with Chris Korda,Thilo Schneider,https://www.berghain.berlin/documents/201/berghain-flyer-2022-08.pdf,https://www.churchofeuthanasia.org/press/berghain.html,714,German,https://www.churchofeuthanasia.org/press/berghain_eng.html,,
08/24/22,Les Inrockuptibles,,,"La stratégie du choc Chris Korda, dernier espoir avant l’extinction?",Ingrid Luquet-Gad,https://www.lesinrocks.com/art/la-strategie-du-choc-chris-korda-dernier-espoir-avant-lextinction-493463-24-08-2022/,https://www.churchofeuthanasia.org/press/lesinrockuptibles3.html,1134,French,https://www.churchofeuthanasia.org/press/lesinrockuptibles3_eng.html,,
08/02/22,Muno,,,"Chris Korda wydaje kolejny album, którego nie potrafimy sklasyfikowac",Pawel Chalupa,https://muno.pl/news/chris-korda-wydaje-kolejny-album-ktorego-nie-potrafimy-sklasyfikowac/,https://www.churchofeuthanasia.org/press/muno.html,292,Polish,,,
08/01/22,La Libération,,,"Rencontre: Chris Korda, mortelle est la question",Marie Klock,https://www.liberation.fr/culture/arts/chris-korda-mortelle-est-la-question-20220801_FJVBVZKBCZHBJD7R6R7XWYEUKM/,https://www.churchofeuthanasia.org/press/laliberation.html,1646,French,https://www.churchofeuthanasia.org/press/laliberation_eng.html,,
07/28/22,Find Your Sounds,,,Chris Korda’s album ‘More Than Four’ created in odd time and complex polymeter is flagrant rhythmic heresy,Ozgur Timucin,https://findyoursounds.com/chris-kordas-album-more-than-four-created-in-odd-time-and-complex-polymeter-is-flagrant-rhythmic-heresy/,https://www.churchofeuthanasia.org/press/findyoursounds.html,625,English,,,
07/28/22,Resident Advisor,,,Chris Korda's second album of 2022 features odd time signatures and complex polymeter,Zoey Shopmaker,https://ra.co/news/77601,https://www.churchofeuthanasia.org/press/ra6.html,231,English,,,
07/27/22,ArtForum,Critics' Picks,,Chris Korda at Le Confort Moderne,Anya Harrison,https://www.artforum.com/picks/chris-korda-88845,https://www.churchofeuthanasia.org/press/artforum_poitiers.html,332,English,,,
07/22/22,Arts in the City,,,Exposition The (Wo)man of the Future de Chris Korda au Confort Moderne,Arnaud Chedal-Anglay,https://www.arts-in-the-city.com/2022/07/22/exposition-the-woman-of-the-future-de-chris-korda-au-confort-moderne/,https://www.churchofeuthanasia.org/press/artsinthecity.html,524,French,https://www.churchofeuthanasia.org/press/artsinthecity_eng.html,,
07/07/22,Frieze,,,Can Chris Korda Save the Planet?,Vincent Simon,https://www.frieze.com/article/chris-korda-woman-of-future-2022-review,https://www.churchofeuthanasia.org/press/frieze2.html,706,English,,,
07/02/22,CLOT Magazine,,,"An Ecological Provocatrice, a reflection on Chris Korda’s universe",Andra Amber Nikolayi,https://www.clotmag.com/oped/an-ecological-provocatrice-a-reflection-on-chris-kordas-universe-by-andra-amber-nikolayi,https://www.churchofeuthanasia.org/press/clot.html,2248,English,,,
07/01/22,Junk Page,Expositions,,Demander Pardon au Futur,Marc A. Bertin,https://www.junkpage.fr/demander-pardon-au-futur/,https://www.churchofeuthanasia.org/press/junkpage.html,835,French,https://www.churchofeuthanasia.org/press/junkpage_eng.html,,
06/20/22,Tissue Magazine,,,Chris Korda: The Heartbreaking Tragedy of Collective Failure,Jardin and Chris Korda,https://tissuemagazine.com/series/chris-korda/,https://www.churchofeuthanasia.org/press/tissue.html,3047,English,,,
06/16/22,Terraforma Journal,,,Chris Korda - The Wo(Man) of the Future,Costanza Candeloro,https://shop.terraformafestival.com/products/terraforma-journal-3,https://www.churchofeuthanasia.org/press/terraforma.html,2474,English,,,
06/08/22,La Nouvelle République,,,Poitiers : Grand bazar en vue au Confort moderne,Laurent Favreuille,https://www.lanouvellerepublique.fr/poitiers/poitiers-grand-bazar-en-vue-au-confort-moderne,https://www.churchofeuthanasia.org/press/lanouvellerepublique.html,133,French,https://www.churchofeuthanasia.org/press/lanouvellerepublique_eng.html,,
06/06/22,Les Inrockuptibles,,,Les 5 expos à ne pas rater en juin 2022,Ingrid Luquet-Gad,https://www.lesinrocks.com/arts-et-scenes/les-5-expos-a-ne-pas-rater-en-juin-2022-474666-06-06-2022/,https://www.churchofeuthanasia.org/press/lesinrockuptibles2.html,277,French,https://www.churchofeuthanasia.org/press/lesinrockuptibles2_eng.html,,
05/09/22,Journal of art & design HEAD – Genève,,,Issue #12 – De/production without cons/des/truction,Sylvain Menétrey,https://issue-journal.ch/focus-summaries/issue12-deproduction-without-cons-des-truction/,https://www.churchofeuthanasia.org/press/artdesignhead.html,395,English,,,
04/01/22,Field Notes Berlin,,,"Chris Korda – Passion for Numbers (Mental Groove, LP/digital)",,https://www.field-notes.berlin/de/festivals/58524/releases-des-monats/58526/releases-des-monats/99246/chris-korda-passion-for-numbers-mental-groove-lp-digital,https://www.churchofeuthanasia.org/press/fieldnotesberlin.html,113,English,,,
03/22/22,Beatburguer,,,Chris Korda: Passion for Numbers (Mental Groove) ,José Luis Moreno Rubio,https://beatburguer.com/chris-korda-passion-for-numbers-mental-groove/,https://www.churchofeuthanasia.org/press/beatburguer.html,958,Spanish,,,
03/07/22,Resident Advisor,,,Chris Korda announces two new albums and a retrospective exhibition in 2022,Katie Thomas,https://ra.co/news/76915,https://www.churchofeuthanasia.org/press/ra5.html,183,English,,,
02/14/22,Agente Provocador,,,Salva el planeta y ¡suicídate! Los suicidas de Barcelona,Doctor Peligro,http://www.agenteprovocador.es/publicaciones/salva-el-planeta-y-suicidate-los-suicidas-de-barcelona,https://www.churchofeuthanasia.org/press/agenteprovocador.html,1104,Spanish,https://www.churchofeuthanasia.org/press/agenteprovocador_eng.html,,
02/04/22,Daily Star,,,Twisted cult campaigned for all humanity to kill itself and provided instructions online,Kurt Robson,https://www.dailystar.co.uk/news/weird-news/twisted-cult-campaigned-humanity-kill-26141629,https://www.churchofeuthanasia.org/press/dailystar.html,440,English,,,
12/23/21,Objecthood,,,Chris Korda: A thin layer of oily rock,Roc Jiménez de Cisneros,https://rwm.macba.cat/en/specials/objecthood-8,https://www.churchofeuthanasia.org/press/objecthood.html,13012,English,,,
12/14/21,Trax,,,Chris Korda: Game Over,Quentin Grosset,https://www.traxmag.com/techno-apocalypse-et-euthanasie-chris-korda-annonce-le-game-over-ecologique/,https://www.churchofeuthanasia.org/press/traxmag.html,4838,French,https://www.churchofeuthanasia.org/press/traxmag_eng.html,,
08/20/21,Trommel,,,Chris Korda: A voice for the future,Francisco Cornejo de Souza,https://trommelmusic.com/featured/chris-korda-a-voice-for-the-future/,https://www.churchofeuthanasia.org/press/trommel3.html,3869,English,,,
04/15/21,Big Bang,,198,Suicide général?,Thomas Andrei,https://abonnement.sopress.net/common/product-article/1048,https://www.churchofeuthanasia.org/press/bigbang.html,3695,French,https://www.churchofeuthanasia.org/press/bigbang_eng.html,,
03/16/21,Ransom Note,,,'Apologize to the Future': Chris Korda on the crisis facing our planet,Rosie Cain,https://www.theransomnote.com/music/articles/apologize-to-the-future-chris-korda-on-the-crisis-facing-our-planet/,https://www.churchofeuthanasia.org/press/ransomnote2.html,2999,English,,,
03/12/21,Página 12,,,¿La música electrónica está muerta?,Aldo F. M. Benítez,https://www.pagina12.com.ar/328424-la-musica-electronica-esta-muerta,https://www.churchofeuthanasia.org/press/pagina12_2.html,1121,Spanish,https://www.churchofeuthanasia.org/press/pagina12_2_eng.html,,
03/10/21,VICE France,,,"VICE présente : Chris Korda, man of the future",Marc-Aurèle Baly,https://www.vice.com/fr/article/y3g7yw/vice-presente-chris-korda-man-of-the-future,https://www.churchofeuthanasia.org/press/vicefrance.html,469,French,https://www.churchofeuthanasia.org/press/rinse_france.html,,
03/01/21,Document Journal,,,Chris Korda’s booklist for black-pilled environmentalists,Chris Korda,https://www.documentjournal.com/2021/03/chris-kordas-booklist-for-black-pilled-environmentalists/,https://www.churchofeuthanasia.org/press/docjournal_oped.html,1939,English,,,
02/04/21,Musique Journal,,,Tout le monde est Korda pour dire que ce disque est génial,Etienne Menu,https://musique-journal.fr/2021/02/04/tout-le-monde-est-korda-pour-dire-que-ce-disque-est-genial/,https://www.churchofeuthanasia.org/press/musiquejournal.html,1588,French,https://www.churchofeuthanasia.org/press/musiquejournal_eng.html,,
01/01/21,Exploring Antinatalism,26,,Chris Korda (The Church of Euthanasia),"Amanda Sukenick, Mark Maharaj",https://www.youtube.com/watch?v=5MoaZ66D7Kc,https://www.churchofeuthanasia.org/press/expantinatalism.html,20883,English,,,
12/01/20,Texte Zur Kunst,issue 120,,On Chris Korda’s LP “Apologize to the Future” ,Lili Reynaud-Dewar,https://www.textezurkunst.de/120/chris-kordas-lp-apologize-future/,https://www.churchofeuthanasia.org/press/textezurkunst.html,722,English,,,
11/20/20,Guerrilla Bizarre,,,Chris Korda’s ‘Six Billion Humans Can’t Be Wrong’ Is Being Reissued - With a New Name,Giovanni Bodrato,https://www.guerrillabizarre.com/feed/chris-korda-eight-billions,https://www.churchofeuthanasia.org/press/guerillabizarre.html,386,English,,,
11/11/20,Document Journal,,,The Gospel of Chris Korda: a techno-punk preacher for civilization on the brink of collapse,Hannah Ongley,https://www.documentjournal.com/2020/11/the-gospel-of-chris-korda-a-techno-punk-preacher-for-civilization-on-the-brink-of-collapse/,https://www.churchofeuthanasia.org/press/docjournal.html,2198,English,,,
10/28/20,Flaunt,,,Chris Korda / Flaunt Premiere / Apologize to the Future,Matthew Bedard,https://flaunt.com/content/chris-korda-flaunt-premiere-apologize-to-the-future,https://www.churchofeuthanasia.org/press/flaunt2.html,204,English,,,
10/16/20,Self-Titled,,,Chris Korda Shares Her Favorite Odd Time Songs,Chris Korda,https://www.self-titledmag.com/chris-korda-feature-odd-time-playlist/,https://www.churchofeuthanasia.org/press/selftitled.html,611,English,,,
10/08/20,Resident Advisor,Exchange,,Chris Korda: Dance music's harbinger of ecocide,Martha Pazienti-Caiden,https://www.residentadvisor.net/podcast-episode.aspx?exchange=528,https://www.churchofeuthanasia.org/press/ra4.html,10151,English,,,
10/07/20,Taz,,,Die Klima-Geißlerin,Tim Caspar Boehme,https://taz.de/Neue-Musik-aus-Berlin/!5716728/,https://www.churchofeuthanasia.org/press/taz.html,312,German,https://www.churchofeuthanasia.org/press/taz_eng.html,,
10/02/20,Flaunt,,,Chris Korda / Future Shock!,John-Paul Pryor,https://flaunt.com/content/chris-korda-future-shock,https://www.churchofeuthanasia.org/press/flaunt.html,1908,English,,,
10/01/20,Resident Advisor,,,Chris Korda - Apologize To The Future,Richard Akingbehin,https://www.residentadvisor.net/reviews/25191,https://www.churchofeuthanasia.org/press/ra3.html,468,English,,,
10/01/20,Groove,,,September 2020: Die essenziellen Alben,Tim Caspar Boehme,https://groove.de/2020/10/01/september-2020-die-essenziellen-alben-teil-1/,https://www.churchofeuthanasia.org/press/groove2.html,245,German,https://www.churchofeuthanasia.org/press/groove2_eng.html,,
09/30/20,Fifteen Questions,,,Fifteen Questions Interview with Chris Korda - Routines Won't Suffice,Tobias Fischer,https://15questions.net/interview/fifteen-questions-interview-chris-korda/page-1/,https://www.churchofeuthanasia.org/press/fifteen.html,3648,English,,,
09/24/20,Die Wochenzeitung,,,Vermehret euch nicht!,Arno Raffeiner,https://www.woz.ch/2039/chris-korda/vermehret-euch-nicht,https://www.churchofeuthanasia.org/press/woz.html,774,German,https://www.churchofeuthanasia.org/press/woz_eng.html,,
09/15/20,Soundwall,,,"Chris Korda, dalla Perlon all’eutanasia: “O maturiamo, o moriamo”",Damir Ivic,https://www.soundwall.it/chris-korda-dalla-perlon-alleutanasia-o-maturiamo-o-moriamo/,https://www.churchofeuthanasia.org/press/soundwall.html,2959,Italian,https://www.churchofeuthanasia.org/press/soundwall_eng.html,,
09/15/20,T-Magazine,,,In conversation with: Chris Korda,Chiara Pignoloni,https://www.t-magazine.it/product-page/t-mag-issue-7-persona,https://www.churchofeuthanasia.org/press/tmag.html,2949,Italian,https://www.churchofeuthanasia.org/press/tmag_eng.html,,
09/10/20,Billboard,,,20 Questions With Chris Korda: The Producer on the 'Anesthesia' of Dance Music & Why Humans Must Stop Breeding,Katie Bain,https://www.billboard.com/articles/news/dance/9446954/20-questions-with-chris-korda-the-producer-on-the-anesthesia-of-dance-music-why-humans-must-stop-breeding,https://www.churchofeuthanasia.org/press/billboard.html,2028,English,,,
09/10/20,Ransom Note,,,Track By Track: Chris Korda - Apologize To The Future,Chris Korda,https://www.theransomnote.com/music/track-by-track/track-by-track-chris-korda-apologize-to-the-future/,https://www.churchofeuthanasia.org/press/ransomnote.html,1483,English,,,
09/08/20,DJ Mag España,,,"Futuro, os pedimos disculpas",Eduardo P. Waasdorp,https://djmag.es/dj-mag-es-116-ya-disponible/,https://www.churchofeuthanasia.org/press/djmagspain.html,2934,Spanish,https://www.churchofeuthanasia.org/press/djmagspain_eng.html,,
09/02/20,Mixmag Brazil,,,Chris Korda lança novo album 'Apologize to the Future'. Assista o music video de 'Overshoot',Luciana Dias,https://mixmag.com.br/read/chris-korda-lanca-novo-album-apologize-to-the-future-assista-o-music-video-de-overshoot-news,https://www.churchofeuthanasia.org/press/mixmagbrasil.html,429,Portuguese,https://www.churchofeuthanasia.org/press/mixmagbrasil_eng.html,,
09/01/20,Clubbing Spain,,,Chris Korda vaticina el negro futuro de la humanidad en su nuevo álbum,,https://www.clubbingspain.com/noticias/2020/chris-korda-vaticina-el-negro-futuro-de-la-humanidad-en-su-nuevo-album.html,https://www.churchofeuthanasia.org/press/clubbingspain.html,449,Spanish,https://www.churchofeuthanasia.org/press/clubbingspain_eng.html,,
08/06/20,Resident Advisor,,,Chris Korda announces new album for Perlon called Apologize To The Future,Andy Webb,https://www.residentadvisor.net/news/73219,https://www.churchofeuthanasia.org/press/ra2.html,141,English,,,
08/06/20,XLR8R,,,Chris Korda Addresses Climate Change and Economic Inequality on New Perlon Album,XLR8R Staff,https://xlr8r.com/news/chris-korda-addresses-climate-change-and-economic-inequality-on-new-perlon-album/,https://www.churchofeuthanasia.org/press/xlr8r2.html,327,English,,,
08/05/20,Grunge,,,This Is How The Church Of Euthanasia Cult Started,Felix Behr,https://www.grunge.com/233763/this-is-how-the-church-of-euthanasia-cult-started/,https://www.churchofeuthanasia.org/press/grunge.html,1014,English,,,
08/04/20,Tome to the Weather Machine,Videodrones,,Chris Korda – 'Overshoot',Ryan Hall,https://tometotheweathermachine.com/chris-korda-overshoot/,https://www.churchofeuthanasia.org/press/tomeweather.html,93,English,,,
07/17/20,Parkett,,,Chris Korda torna con una raccolta di tracce su Perlon,Martina Ballocco,https://www.parkettchannel.it/chris-korda-torna-con-una-raccolta-di-tracce-su-perlon/,https://www.churchofeuthanasia.org/press/parkett.html,422,Italian,https://www.churchofeuthanasia.org/press/parkett_eng.html,,
07/13/20,Trommel,,,Chris Korda returns on Perlon with a thought provoking record,Trommel Staff,https://trommelmusic.com/news/chris-korda-returns-on-perlon-with-a-thought-provoking-record/,https://www.churchofeuthanasia.org/press/trommel2.html,221,English,,,
05/26/20,l'Officiel,ART,,"Chris Korda : 'Save the planet, kill yourself'",Pierre-Alexandre Mateos & Charles Teyssou,https://www.lofficiel.com/art/chris-korda-save-the-planet-kill-yourself,https://www.churchofeuthanasia.org/press/lofficiel.html,185,French,https://www.churchofeuthanasia.org/press/lofficiel.html,,
01/20/20,New Journalist,,,"Suicide, cannibalism and sodomy? Or veganism, reproductive rights and equality?",Jussi Grut,https://www.njmag.co.uk/post/suicide-cannibalism-and-sodomy-or-veganism-reproductive-rights-and-equality,https://www.churchofeuthanasia.org/press/newjournalist.html,2061,English,,,
12/12/19,Boston Hassle,,,An Interview with Chris Korda on their new release Akoko Ajeji and more,Chris Hues,https://bostonhassle.com/an-interview-with-chris-korda-on-their-new-release-akoko-ajejji-and-more/,https://www.churchofeuthanasia.org/press/hassle.html,4266,English,,,
11/21/19,XLR8R,,,"Chris Korda, Man of the Future",André Baum,,https://www.churchofeuthanasia.org/press/xlr8r.html,5111,English,,,
10/31/19,Artforum,,,Monster Mash,Sabrina Tarasoff,https://www.artforum.com/diary/sabrina-tarasoff-on-fiac-and-the-fifth-paris-internationale-81215,https://www.churchofeuthanasia.org/press/artforum.html,1124,English,,,
10/11/19,Financial Times,,,Paris Internationale — a killing time at the fair with new dynamism,Anny Shaw,https://www.ft.com/content/54d76b72-e9ad-11e9-aefb-a946d2463e4b,https://www.churchofeuthanasia.org/press/financialtimes.html,855,English,,,
09/25/19,Resident Advisor,,,A unique Perlon record that is both extraordinarily complex and genuinely fun,Max Graef Lakin,https://www.residentadvisor.net/reviews/24182,https://www.churchofeuthanasia.org/press/ra1.html,558,English,,,
09/10/19,Groove,,,"Chris Korda, Die Bob Dylan des Klimawandels",Arno Raffeiner,https://groove.de/2019/09/10/chris-korda-die-bob-dylan-des-klimawandels/,https://www.churchofeuthanasia.org/press/groove.html,1830,German,https://www.churchofeuthanasia.org/press/groove_eng.html,,
07/30/19,Say What?,,,Chris Korda: Alienation into polymeter,Kaajal Shah,https://www.saywhatmag.com/chris-korda-alienation-into-polymeter/,https://www.churchofeuthanasia.org/press/saywhat.html,933,English,,,
07/25/19,Trommel,,,Chris Korda prepares boundary breaking LP for Perlon,Trommel Staff,https://trommelmusic.com/news/chris-korda-prepares-boundary-breaking-lp-for-perlon/,https://www.churchofeuthanasia.org/press/trommel1.html,290,English,,,
07/19/19,Frieze,One Takes,,Teach Masturbation - Lessons from The Church of Euthanasia,Ella Fleck,https://www.frieze.com/article/teach-masturbation,https://www.churchofeuthanasia.org/press/frieze.html,412,English,,,
06/01/19,Flash Art Magazine ,issue 326,11,CHRIS KORDA 'The Church of Euthanasia Archives',Sarah Moroz,,https://www.churchofeuthanasia.org/press/flash_art.html,366,English,,,
04/19/19,Les Inrockuptibles,,,Chris Korda et Darja Bajagić exposent à Paris,Ingrid Luquet-Gad,https://www.lesinrocks.com/arts-et-scenes/chris-korda-et-darja-bajagic-exposent-a-paris-deux-regards-critiques-de-la-bien-pensance-147700-19-04-2019/,https://www.churchofeuthanasia.org/press/lesinrockuptibles.html,759,French,https://www.churchofeuthanasia.org/press/lesinrockuptibles_eng.html,,
04/15/19,i-D,Musique,,"qui est chris korda, l'artiste punk qui prônait le suicide dans l'amérique consumériste des années 1990?",Jardin,https://i-d.vice.com/fr/article/7xgzzy/qui-est-chris-korda-lartiste-punk-qui-pronait-le-suicide-dans-lamerique-consumeriste-des-annees-1990,https://www.churchofeuthanasia.org/press/i-d.html,1866,French,https://www.churchofeuthanasia.org/press/i-d_eng.html,,
04/01/19,Mousse Magazine,,,"Chris Korda 'THE CHURCH OF EUTHANASIA Archives' at GOSWELL ROAD, Paris",,http://moussemagazine.it/chris-korda-church-euthanasia-archives-goswell-road-paris-2019/,https://www.churchofeuthanasia.org/press/mousse.html,640,English,,,
08/05/18,GQ,,,"Conoce a Chris Korda, la Thanos de la contracultura y el ángel de la eutanasia",Noel Ceballos ,https://www.revistagq.com/noticias/cultura/articulos/chris-korda-iglesia-de-la-eutanasia-secta-thanos/29011,https://www.churchofeuthanasia.org/press/gq.html,2514,Spanish,https://www.churchofeuthanasia.org/press/gq_eng.html,,
06/21/18,Spex,,,Chris Korda: Irgendwann werde ich mich wahrscheinlich umbringen,Diana Weis,,https://www.churchofeuthanasia.org/press/spex_weis.html,803,German,https://www.churchofeuthanasia.org/press/spex_weis_eng.html,,
06/25/17,El Mundo,,,"Salva el planeta, suicídate: así es la polémica Iglesia de la Eutanasia",Diego Bermejo,https://www.elmundo.es/f5/comparte/2017/06/25/594ceef3e2704e0a6b8b45f4.html,https://www.churchofeuthanasia.org/press/elmundo.html,1003,Spanish,https://www.churchofeuthanasia.org/press/elmundo1_eng.html,,
10/23/15,VICE,Post Mortem,,"'Save the Planet, Kill Yourself': The Contentious History of the Church of Euthanasia",Simon Davis,http://www.vice.com/read/save-the-planet-kill-yourself-the-contentious-history-of-the-church-of-euthanasia-1022,https://www.churchofeuthanasia.org/press/vice.html,2407,English,,,
10/14/15,Dig Boston,,,"‘Save The Planet, Kill Yourself’—An Interview",Chris Faraone,https://digboston.com/save-the-planet-kill-yourself-an-interview/,https://www.churchofeuthanasia.org/press/dig_boston.html,1631,English,,,
07/14/15,Right Wing News,,,Satanists: Pro-Life Laws Violate Our Religious Beliefs,Dave Blount,http://rightwingnews.com/abortion/satanists-pro-life-laws-violate-our-religious-beliefs/,,,English,,y,minor reference
02/25/15,Jot Down,,,¿Terraformación o extinción?,Javier S. Burgos,http://www.jotdown.es/2015/02/terraformacion-o-extincion/,https://www.churchofeuthanasia.org/press/jot_down.html,1554,Spanish,https://www.churchofeuthanasia.org/press/jot_down_eng.html,,
01/02/14,Tryangle,,,La sodomie peut-elle sauver la planète ?,,http://www.tryangle.fr/la-sodomie-peut-elle-sauver-la-planete,https://www.churchofeuthanasia.org/press/tryangle.html,1547,French,https://www.churchofeuthanasia.org/press/tryangle_eng.html,,
12/09/13,Planet Ivy,,,"Suicide, abortion, cannibalism and sodomy: The four pillars of the Church of Euthanasia",Katherine Lofthouse,,https://www.churchofeuthanasia.org/press/planet_ivy.html,751,English,,,
11/22/13,Vanishing Point,Especiales,,"Chris Korda y la Iglesia de la Eutanasia: save the planet, kill yourself",Jark Prongo,http://vanishingpoint.es/especiales/chris-korda-y-la-iglesia-de-la-eutanasia-save-the-planet-kill-yourself/,https://www.churchofeuthanasia.org/press/vanishing_point.html,3168,Spanish,https://www.churchofeuthanasia.org/press/vanishing_point_eng.html,,
09/28/13,Live Action News,,,"For the ‘anti-humanist’ group Church of Euthanasia, abortion is a sacrament",Kristen Walker Hatten,http://liveactionnews.org/anti-humanist-group-church-euthanasia-abortion-sacrament/,https://www.churchofeuthanasia.org/press/live_action_news.html,685,English,,,
01/28/10,Politplatschquatsch,,,Selbstmord aus Angst vor dem Tod,,https://www.politplatschquatsch.com/2010/01/er-ist-ein-mann-halt-sich-aber-fur-eine.html,https://www.churchofeuthanasia.org/press/politplatschquatsch.html,326,German,https://www.churchofeuthanasia.org/press/politplatschquatsch_eng.html,,
02/17/08,The Telegraph,,,Predators tell children how to kill themselves,Patrick Sawer,http://www.telegraph.co.uk/news/uknews/1578945/Predators-tell-children-how-to-kill-themselves.html,https://www.churchofeuthanasia.org/press/telegraph.html,1170,English,,,
09/12/05,NME,,,Six Billion Humans Can't Be Wrong,,http://www.nme.com/reviews/1251,https://www.churchofeuthanasia.org/press/NME.html,215,English,,,
09/01/03,Spex,,,Die Welt ist Nicht shön,Katja Schwemmers,,https://www.churchofeuthanasia.org/press/spex2.html,779,German,https://www.churchofeuthanasia.org/press/spex2_eng.html,,
06/17/03,Intro,,,The Man Of The Future: Chris Korda,Jan Kedves,http://www.intro.de/popmusik/chris-korda,https://www.churchofeuthanasia.org/press/intro.html,333,German,https://www.churchofeuthanasia.org/press/intro_eng.html,,
06/08/03,St. Louis Post-Dispatch,,,Now even committing suicide has gone online,Todd C. Frankel,"http://nl.newsbank.com/nl-search/we/Archives?p_product=SL&p_theme=sl&p_action=search&p_maxdocs=200&s_dispstring=Now%20even%20committing%20suicide%20has%20gone%20online&p_field_date-0=YMD_date&p_params_date-0=date:B,E&p_text_date-0=2000%20-%202008|2011%20-%202014|1988%20-%202000|2000&p_field_advanced-0=&p_text_advanced-0=%28%22Now%20even%20committing%20suicide%20has%20gone%20online%22%29&xcal_numdocs=20&p_perpage=10&p_sort=YMD_date:D&xcal_useweights=no",https://www.churchofeuthanasia.org/press/st_louis_suicide.html,1079,English,,,
04/07/03,Bath Chronicle,,,Suicide on the internet,,,https://www.churchofeuthanasia.org/press/bathchronicle.html,531,English,,,
03/14/03,Batofar,,,Entrevue Masquée Chris Korda,Guillaume Léglise,,https://www.churchofeuthanasia.org/press/batofar_french.html,1508,French,https://www.churchofeuthanasia.org/press/batofar.html,,
11/22/02,Noordhollandse Dagbladen,,,Truttig vlagverbod,Rob Bouber,,https://www.churchofeuthanasia.org/press/noordhollandsedb.html,551,Dutch,https://www.churchofeuthanasia.org/press/noordhollandsedb_eng.html,,
11/21/02,De:bug,,,Montag ist Twintower Tag,,http://de-bug.de/musik/montag-ist-twintower-tag/,https://www.churchofeuthanasia.org/press/debug3.html,370,German,https://www.churchofeuthanasia.org/press/debug3_eng.html,,
11/16/02,NRC Handelsblad,,,Dj Chris Korda en de erotisering van terrorisme,Corine Vloet,http://www.nrc.nl/handelsblad/van/2002/november/16/dj-chris-korda-en-de-erotisering-van-terrorisme-7614426,https://www.churchofeuthanasia.org/press/nrc.html,954,Dutch,https://www.churchofeuthanasia.org/press/nrc_eng.html,,
11/15/02,Dagblad van het Noorden,,17,Korda: Mens is einde van evolutie,,https://www.dekrantvantoen.nl/vw/page.do?id=DVHN-DW-20021115-017&ed=00,https://www.churchofeuthanasia.org/press/dagblad6.html,348,Dutch,https://www.churchofeuthanasia.org/press/dagblad6_eng.html,,
11/14/02,VPRO,,,Een avondje Korda in Paradiso,,https://3voor12.vpro.nl/artikelen/overzicht/2002/november/een-avondje-korda-in-paradiso.html,https://www.churchofeuthanasia.org/press/vpro5.html,1278,Dutch,https://www.churchofeuthanasia.org/press/vpro5_eng.html,,
11/14/02,ANP,,,Chris Korda en zijn vier gruwelijke geboden,Door Cyril Snijders,,https://www.churchofeuthanasia.org/press/anp2.html,495,Dutch,https://www.churchofeuthanasia.org/press/anp2_eng.html,,
11/13/02,VPRO,,,"Chris Korda: 'Ik ben pervers, ja'",,http://3voor12.vpro.nl/nieuws/2002/november/chris-korda-ik-ben-pervers-ja.html,https://www.churchofeuthanasia.org/press/vpro3.html,595,Dutch,https://www.churchofeuthanasia.org/press/vpro3_eng.html,,
11/13/02,Dance Guide,,,Chris Korda at Paradiso,Beee,,https://www.churchofeuthanasia.org/press/danceguide.html,845,English,,,
11/12/02,Het Parool,,,Kip aan het kruis,Karin Spaink,http://www.spaink.net/2002/11/12/kip-aan-het-kruis/,https://www.churchofeuthanasia.org/press/hetparool1.html,766,Dutch,https://www.churchofeuthanasia.org/press/hetparool1_eng.html,,
11/12/02,Dagblad van het Noorden,,22,Om wil optreden Korda verbieden,,https://www.dekrantvantoen.nl/vw/page.do?id=DVHN-DW-20021112-022&ed=00,https://www.churchofeuthanasia.org/press/dagblad5.html,80,Dutch,https://www.churchofeuthanasia.org/press/dagblad5_eng.html,,
11/11/02,VPRO,,,CDA wil optreden Chris Korda verbieden,,https://3voor12.vpro.nl/artikelen/overzicht/2002/november/cda-wil-optreden-chris-korda-verbieden.html,https://www.churchofeuthanasia.org/press/vpro2.html,418,Dutch,https://www.churchofeuthanasia.org/press/vpro2_eng.html,,
11/11/02,Het Parool,,,Perverse Korda ontdekt de Amsterdamse grenzen,Rob Rombouts,,https://www.churchofeuthanasia.org/press/hetparool2.html,767,Dutch,https://www.churchofeuthanasia.org/press/hetparool2_eng.html,,
11/11/02,Het Parool,,,Korda kan gang gaan in Paradiso,Bert Steinmetz,,https://www.churchofeuthanasia.org/press/hetparool3.html,250,Dutch,https://www.churchofeuthanasia.org/press/hetparool3_eng.html,,
11/11/02,Underground Dance News,,,Chris Korda: mensen zijn stomme apen,Henk Willem Smits,,https://www.churchofeuthanasia.org/press/henk4.html,723,Dutch,https://www.churchofeuthanasia.org/press/henk4_eng.html,,
11/08/02,ANP,,,OM alert op Church of Euthanasia,,,https://www.churchofeuthanasia.org/press/anp3.html,241,Dutch,https://www.churchofeuthanasia.org/press/anp3_eng.html,,
11/07/02,CDA,,,CDA wil géén optreden van haat propagerende groepering,Hans Res,,https://www.churchofeuthanasia.org/press/cda.html,249,Dutch,https://www.churchofeuthanasia.org/press/cda_eng.html,,
11/06/02,VPRO,,,"Chris Korda treedt op, nu echt",,https://3voor12.vpro.nl/artikelen/overzicht/2002/november/chris-korda-treedt-op-nu-echt.html,https://www.churchofeuthanasia.org/press/vpro1.html,176,Dutch,https://www.churchofeuthanasia.org/press/vpro1_eng.html,,
11/04/02,Provinciale Zeeuwse Courant,,,Paradiso geeft de ruimte aan zelfmoordkerk,,,https://www.churchofeuthanasia.org/press/pzc.html,131,Dutch,https://www.churchofeuthanasia.org/press/pzc_eng.html,,
11/04/02,Dagblad van het Noorden,,8,Zelfmoordprediker Korda alsnog naar Nederland,,https://www.dekrantvantoen.nl/vw/page.do?id=DVHN-DW-20021104-008&ed=00,https://www.churchofeuthanasia.org/press/dagblad1.html,165,Dutch,https://www.churchofeuthanasia.org/press/dagblad1_eng.html,,
11/03/02,Start,,,Voajerizam i tragedija 11. septembra,Belma Becirbašic,,https://www.churchofeuthanasia.org/press/start.html,1041,Bosnian,https://www.churchofeuthanasia.org/press/start_eng.html,,
11/02/02,ANP,,,Paradiso voor een keer Euthanasie-kerk,,,https://www.churchofeuthanasia.org/press/anp1.html,217,Dutch,https://www.churchofeuthanasia.org/press/anp1_eng.html,,
08/27/02,De:bug,,,Immer Ärger mit Chrissy,,http://de-bug.de/musik/immer-arger-mit-chrissy/,https://www.churchofeuthanasia.org/press/debug2.html,253,German,https://www.churchofeuthanasia.org/press/debug2_eng.html,,
08/26/02,Dagblad van het Noorden,,12,Gezelligheid verdrijft avontuur op Lowlands,Rob Broere,https://www.dekrantvantoen.nl/vw/page.do?id=DVHN-DW-20020826-012&ed=00,https://www.churchofeuthanasia.org/press/dagblad4.html,679,Dutch,https://www.churchofeuthanasia.org/press/dagblad4_eng.html,,minor reference
08/23/02,Dagbladet Information,,,Thorkild Bjørnvig - Chris Korda,Ejvind Larsen,http://www.information.dk/72059,https://www.churchofeuthanasia.org/press/dagbladetinfo2.html,1005,Danish,https://www.churchofeuthanasia.org/press/dagbladetinfo2_eng.html,,
08/20/02,Dagbladet Information,,,Bag livsstilsfængslets tremmer,Lotte Folke Kaarsholm,http://www.information.dk/71956,https://www.churchofeuthanasia.org/press/dagbladetinfo1.html,1193,Danish,https://www.churchofeuthanasia.org/press/lotte_english.html,,
07/30/02,Dagblad van het Noorden,,22,Schokkend nummer over 11 september op cd,,https://www.dekrantvantoen.nl/vw/page.do?id=DVHN-DW-20020730-022&ed=00,https://www.churchofeuthanasia.org/press/dagblad3.html,141,Dutch,https://www.churchofeuthanasia.org/press/dagblad3_eng.html,,
07/20/02,de Volkskrant,,,Lowlands weert dj wegens WTC-video,,http://www.volkskrant.nl/archief/lowlands-weert-dj-wegens-wtc-video~a631734/,https://www.churchofeuthanasia.org/press/volkskrant.html,320,Dutch,https://www.churchofeuthanasia.org/press/volkskrant_eng.html,,
07/19/02,Dagblad van het Noorden,,22,Chris Korda teleurgesteld in Nederland,Henk Willem Smits,http://www.dekrantvantoen.nl/vw/page.do?id=DVHN-DW-20020719-022&ed=00,https://www.churchofeuthanasia.org/press/henk3.html,311,Dutch,https://www.churchofeuthanasia.org/press/henk3_eng.html,,
07/18/02,VPRO,,,Chris Korda reageert op Lowlands afzegging,,https://3voor12.vpro.nl/artikelen/overzicht/2002/juli/chris-korda-reageert-op-lowlands-afzegging.html,https://www.churchofeuthanasia.org/press/vpro6.html,336,Dutch,https://www.churchofeuthanasia.org/press/vpro6_eng.html,,
07/18/02,De Subjectivisten,,,Would You Like To Watch?,Ariën Rasmijn,,https://www.churchofeuthanasia.org/press/subjectivisten.html,636,Dutch,https://www.churchofeuthanasia.org/press/subjectivisten_eng.html,,
07/17/02,VPRO,,,Lowlands schrapt optreden Chris Korda,,https://3voor12.vpro.nl/artikelen/overzicht/2002/juli/lowlands-schrapt-optreden-chris-korda.html,https://www.churchofeuthanasia.org/press/vpro4.html,479,Dutch,https://www.churchofeuthanasia.org/press/vpro4_eng.html,,
07/17/02,Dagblad van het Noorden,,26,Lowlands schrapt zelfmoordprediker,Henk Willem Smits,https://www.dekrantvantoen.nl/vw/page.do?id=DVHN-DW-20020717-026&ed=00,https://www.churchofeuthanasia.org/press/henk2.html,261,Dutch,https://www.churchofeuthanasia.org/press/henk2_eng.html,,
07/16/02,ANP,,,Lowlands schrapt 'anti-mens' artiest,,,https://www.churchofeuthanasia.org/press/anp4.html,140,Dutch,https://www.churchofeuthanasia.org/press/anp4_eng.html,,
07/16/02,Dagblad van het Noorden,,22,Chris Korda ziet mensen het liefst dood,Henk Willem Smits,http://www.dekrantvantoen.nl/vw/page.do?id=DVHN-DW-20020716-022&ed=00,https://www.churchofeuthanasia.org/press/henk1.html,526,Dutch,https://www.churchofeuthanasia.org/press/henk1eng.html,,
07/16/02,Dagblad van het Noorden,,1,Optreden Korda aan zijden draad,,https://www.dekrantvantoen.nl/vw/page.do?id=DVHN-DW-20020716-001&ed=00,https://www.churchofeuthanasia.org/press/dagblad2.html,77,Dutch,https://www.churchofeuthanasia.org/press/dagblad2_eng.html,,
07/15/02,De:bug,,,Chris Korda darf nicht spielen,,,https://www.churchofeuthanasia.org/press/debug1.html,216,German,https://www.churchofeuthanasia.org/press/debug1_eng.html,,
07/05/02,Berliner-Zeitung,,11,Was haben Sie Gegen die Menschheit?,Harald Peters,"http://www.berliner-zeitung.de/archiv/was-haben-sie-gegen-die-menschheit-,10810590,10009194.html",https://www.churchofeuthanasia.org/press/berlinerzeitung.html,653,German,https://www.churchofeuthanasia.org/press/berlinerzeitung_eng.html,,
06/29/02,Mekka,,,czyli Chris Korda w Szczecinie,,,https://www.churchofeuthanasia.org/press/mekka.html,486,Polish,https://www.churchofeuthanasia.org/press/mekka_eng.html,,
06/01/02,Têtu,,40,The man of the future,Tiphaine Kazi-Tani,,https://www.churchofeuthanasia.org/press/tetu.html,583,French,https://www.churchofeuthanasia.org/press/tetu_eng.html,,
06/01/02,Spex,,30,Reverend Chris Korda: Strychnin und Verzweiflung,Hiäs Wrba,,https://www.churchofeuthanasia.org/press/spex.html,866,German,https://www.churchofeuthanasia.org/press/spex_eng.html,,
04/18/02,De:bug,,,You're not allowed to watch,,http://de-bug.de/musik/youre-not-allowed-to-watch/,https://www.churchofeuthanasia.org/press/debug4.html,63,German,https://www.churchofeuthanasia.org/press/debug4_eng.html,,
03/23/02,D-i-r-t-y,,,Church of Euthanasia,Eva-marie Pinon,,https://www.churchofeuthanasia.org/press/dirty.html,832,French,https://www.churchofeuthanasia.org/press/dirty_eng.html,,
03/03/02,Clubbing Spain,,,Chris Korda,David Puente,http://www.clubbingspain.com/entrevistas/2002/chris-korda.html,https://www.churchofeuthanasia.org/press/clubbing_spain.html,1628,Spanish,https://www.churchofeuthanasia.org/press/clubbing_spain_eng.html,,
12/20/01,Boston Phoenix,,7,The pornography of terror,Chris Wright,http://www.bostonphoenix.com/boston/news_features/this_just_in/documents/02063812.htm,https://www.churchofeuthanasia.org/press/phoenix1.html,646,English,,,
10/12/01,De:bug,,,Church of Euthanasia feiert WTC einsturz,,http://de-bug.de/musik/church-of-euthanasia-feiert-wtc-einsturz/,https://www.churchofeuthanasia.org/press/debug5.html,96,German,https://www.churchofeuthanasia.org/press/debug5_eng.html,,
10/01/01,Loaded,,130,Church of the Poisoned Mind,Will Storr,,https://www.churchofeuthanasia.org/press/loadedint.html,2156,English,,,
09/13/01,Belio,,,Chris Korda y la iglesia de la eutanasia,Álex Balaclava,,https://www.churchofeuthanasia.org/press/belio.html,4531,Spanish,https://www.churchofeuthanasia.org/press/belio_eng.html,,https://www.churchofeuthanasia.org/press/belio-interview.html
08/01/01,El País,,,Retirada una de las piezas de 'Trans Sexual Express',Catalina Serra,http://elpais.com/diario/2001/08/01/catalunya/996628054_850215.html,https://www.churchofeuthanasia.org/press/elpais.html,492,Spanish,https://www.churchofeuthanasia.org/press/elpais_eng.html,,
08/01/01,El Mundo,Catalunya,,Censuradas varias imágenes de la exposición «Trans Sexual Express»,Silvia Taules,,,401,Spanish,https://www.churchofeuthanasia.org/press/elmundo_eng.html,,orig paywalled
08/01/01,El Mundo,Cultura,,Denuncian que la Generalitat censura la exposición «Trans Sexual Express»,,,,,Spanish,,y,"orig paywalled, may not ref CoE"
03/18/01,Pagina/12,,,Para comerte mejor,Mariana Enríquez,,https://www.churchofeuthanasia.org/press/pagina12.html,2363,Spanish,https://www.churchofeuthanasia.org/press/pagina12_eng.html,,
11/26/99,Taz Hamburg,,23,Suicide Commando,Ted Gaier,,https://www.churchofeuthanasia.org/press/tazhamburg.html,526,German,https://www.churchofeuthanasia.org/press/tazhamburg_eng.html,,
11/25/99,Taz,Kultur,23,Wie es ihm gefällt,Jörg Sundermeier,https://taz.de/!1260395/,https://www.churchofeuthanasia.org/press/taz2.html,385,German,https://www.churchofeuthanasia.org/press/taz2_eng.html,,
11/03/99,Shovel,,6,Purity Is For Losers,Chad Parenteau,,https://www.churchofeuthanasia.org/press/purity.html,7257,English,,,
11/01/99,Fetiche,,33,Chris Korda,José C. Cabezas,,https://www.churchofeuthanasia.org/press/fetiche.html,4200,Spanish,https://www.churchofeuthanasia.org/press/fetiche_eng.html,,
08/02/99,Getting It,,,Death to All Humans!,Mark Dery,,https://www.churchofeuthanasia.org/press/gettingit.html,1081,English,,,
08/01/99,De:bug,,,Chris Korda & the Church of Euthanasia,Sascha Kösch,http://de-bug.de/mag/chris-korda/,https://www.churchofeuthanasia.org/press/debug0.html,2531,German,https://www.churchofeuthanasia.org/press/debug0_eng.html,,
07/24/99,Berliner Zeitung,,,Du sollst dich nicht vermehren,Harald Peters,"http://www.berliner-zeitung.de/archiv/chris-korda-macht-dancemusic-und-will-die-menschheit-missionieren-du-sollst-dich-nicht-vermehren,10810590,9686744.html",https://www.churchofeuthanasia.org/press/berlinerzeitung2.html,529,German,https://www.churchofeuthanasia.org/press/berlinerzeitung2_eng.html,,
07/15/99,Die Wochenzeitung,,17,"Danke, dass Sie hier nicht atmen","Ted Gaier, Suzanne Zahnd",,https://www.churchofeuthanasia.org/press/die_wochenzeitung.html,2489,German,https://www.churchofeuthanasia.org/press/die_wochenzeitung_eng.html,,
07/14/99,Jungle World,,,Boring propaganda doesn't work,"Oke Göttlich, Jörg Sundermeier",,https://www.churchofeuthanasia.org/press/jungleworld.html,1371,German,https://www.churchofeuthanasia.org/press/jungleworld_eng.html,,
07/01/99,Beam Me Up,,,Antisemit Superstar,,,https://www.churchofeuthanasia.org/press/beammeup.html,1025,German,https://www.churchofeuthanasia.org/press/beammeup_eng.html,,
07/01/99,Skug,,,Chris Korda & the Church of Euthanasia,Didi Neidhart,,https://www.churchofeuthanasia.org/press/skug.html,323,German,https://www.churchofeuthanasia.org/press/skug_eng.html,,
07/01/99,Disco 2000,,,Chris Korda: Thank You For Not Breeding,Venus23,,https://www.churchofeuthanasia.org/press/disco2000.html,1377,German,https://www.churchofeuthanasia.org/press/disco2000_eng.html,,
07/01/99,Stop,,86,Chris Korda en de Church of Euthanasia,,,,,Dutch,,,
07/01/99,Magic Feet,,,Euth TV,,,https://www.churchofeuthanasia.org/press/magicfeet.html,2005,English,,,
04/05/99,New York Post,,8,It might be the sickest CD ever,Richard Johnson,,https://www.churchofeuthanasia.org/press/nypost6.html,214,English,,,
04/01/99,The Noise,,22,Chris Korda: The Church of Euthanasia,Einstein,,https://www.churchofeuthanasia.org/press/noise_einstein.html,2040,English,,,
03/17/99,Icon,,64,The Church of Euthanasia,Shari Roman,,https://www.churchofeuthanasia.org/press/icon.html,4114,English,,,
11/01/98,Connection,,38,Dada und Religion,Haimo Schulz Meinen,,https://www.churchofeuthanasia.org/press/connection.html,1833,German,https://www.churchofeuthanasia.org/press/connection_eng.html,,
10/01/98,Daily News,,15,Bet he'd like to stash that youth in Asia,Mitchell Fink,,https://www.churchofeuthanasia.org/press/dailynews.html,236,English,,,
08/19/98,Observer-Reporter,B,4,Environmental site cut from Internet,AP,,https://www.churchofeuthanasia.org/press/observer_reporter.html,346,English,,,
04/15/98,The Realist,,11,Smart Bombs,Rev. Chris Korda,,https://www.churchofeuthanasia.org/press/smartbombs.html,799,English,,,
08/01/97,Buzz,,1,Chris Korda: Save The Planet--Kill Yourself,Sasha Kösch,,https://www.churchofeuthanasia.org/press/buzz.html,2423,German,https://www.churchofeuthanasia.org/press/buzz_eng.html,,
07/21/97,New York Post,,8,Loonies mix it up on Springer show,Richard Johnson,,https://www.churchofeuthanasia.org/press/nypost5.html,411,English,,,
07/18/97,Executive Intelligence Review,,22,Prince Philip's Malthusians Launch New Age Killer Cults,"Mark Burdman, Roger Moore",http://www.larouchepub.com/eiw/public/1997/eirv24n29-19970718/index.html,https://www.churchofeuthanasia.org/press/larouche.html,3424,English,,,
05/27/97,Boston Magazine,,168,City Journal: Weird Scion,Dan Burrows,,https://www.churchofeuthanasia.org/press/bostonmag2.html,3079,English,,,
04/21/97,Neues Deutschland,,,"Wer sich vermerht, fliegt raus",Ingolf Bossenz,,https://www.churchofeuthanasia.org/press/neuesdeutsch.html,697,English,,,
04/03/97,Cambridge Chronicle,,3,Euthanasia Group to Honor Deceased,,,https://www.churchofeuthanasia.org/press/cambchron.html,118,English,,,
03/15/97,La Revue du Liban,,,"Sauvez la planète, tuez-vous!",,,https://www.churchofeuthanasia.org/press/cyberroute.html,456,French,https://www.churchofeuthanasia.org/press/cyberroute_eng.html,,
03/01/97,The Web Magazine,,66,Killing Me Softly,,,,,English,,,
12/01/96,Der Spiegel,,150,"Macht Liebe, nicht Babies",Henryk M. Broder,http://www.spiegel.de/spiegel/print/d-9123239.html,https://www.churchofeuthanasia.org/press/derspiegel_german.html,1849,German,https://www.churchofeuthanasia.org/press/derspieg.html,,
12/01/96,Outside Magazine,,114,Is Anything OK Anymore?,,,,,English,,,
11/15/96,Boston Phoenix,Arts,2,Eight Days a Week,,,,,English,,,
11/01/96,Wired,,72,Scans: You Are the Problem,Kate Rix,http://archive.wired.com/wired/archive/4.11/scans.html,https://www.churchofeuthanasia.org/press/wired.html,158,English,,,
11/01/96,Stuff Magazine,,885,The Satanic Versus,Chris Wright,,https://www.churchofeuthanasia.org/press/stuff.html,1242,English,,,
09/24/96,Boston Tab,,3,Hub Scout: I Saw the Light!,Joe Mont,,https://www.churchofeuthanasia.org/press/bostontab.html,899,English,,,
09/17/96,SFGate,,,The 'Unabomber for President' campaign,Scott Winokur,http://www.sfgate.com/news/article/The-Unabomber-for-President-campaign-3123958.php,https://www.churchofeuthanasia.org/press/sfgate.html,717,English,,,
09/15/96,New York Times,,,They Call It Luddite Love,,http://www.nytimes.com/1996/09/15/magazine/they-call-it-luddite-love.html,https://www.churchofeuthanasia.org/press/luddite_love.html,292,English,,,
09/09/96,Pacifica Radio,,,Unapack in Chicago,Julie Drizin,http://www.punkcommunity.com/unapack/press/pacifica.html,https://www.churchofeuthanasia.org/press/pacifica_radio.html,3200,English,,,
05/13/96,New York Magazine,,12,Breaking the Umbilical Korda,,,https://www.churchofeuthanasia.org/press/newyork.html,208,English,,,
05/01/96,Time Out New York,,97,"Bitch, Bitch, Bitch...",,,https://www.churchofeuthanasia.org/press/timeoutny.html,168,English,,,
04/12/96,Boston Phoenix,Styles,1,The Four Pillars of Euthanism,David Grad,,https://www.churchofeuthanasia.org/press/david_grad.html,3019,English,,,"reprint of New York Press ""Eat Me"""
04/06/96,Chicago Tribune,,,Unabomber Gets Internet Backing,Cornelia Grumman,http://articles.chicagotribune.com/1996-04-06/news/9604100017_1_technological-system-write-in-manifesto,https://www.churchofeuthanasia.org/press/chicago_tribune.html,349,English,,,
03/29/96,New York Post,,8,Lost cause,Richard Johnson,,https://www.churchofeuthanasia.org/press/nypost4.html,80,English,,,
03/15/96,New York Post,,8,"Article was un-Fair, writer fumes",Richard Johnson,,https://www.churchofeuthanasia.org/press/nypost3.html,244,English,,,
03/08/96,New York Press,,1,Eat Me: Rev. Chris Korda Dines for Our Sins,David Grad,,https://www.churchofeuthanasia.org/press/david_grad.html,3019,English,,,
03/08/96,New York Post,,8,Way-off-spring,Richard Johnson,,https://www.churchofeuthanasia.org/press/nypost2.html,89,English,,,
03/07/96,New York Post,,8,Weird web site of book biggie's son,Richard Johnson,,https://www.churchofeuthanasia.org/press/nypost1.html,450,English,,,
02/27/96,Village Voice,,18,Fetal Attraction,,,,,English,,,
01/01/96,Boston Magazine,,16,Reach Out and Kill Yourself,David Wildman,,https://www.churchofeuthanasia.org/press/bostonmag1.html,204,English,,,
11/17/95,Boston Phoenix,Styles,5,Virtually childless,Ann Harrison,,https://www.churchofeuthanasia.org/press/phoenix2.html,522,English,,,
09/04/95,Time,,64,Hot Zines on the Web,,,,,English,,,
07/01/95,Greetings Magazine,,12,"20,000 Came To See 'What's New'",,,,,English,,,
01/01/95,Outside Magazine,,50,...A Time to Pull the Plug,,,https://www.churchofeuthanasia.org/press/outside1.html,201,English,,,
12/01/94,Etcetera,,19,An Interview with the Reverend Chris Korda,Lex Marburger,,https://www.churchofeuthanasia.org/press/etcetera.html,1267,English,,,
07/16/92,Daily News,,34,(picture only),,,,,English,,,
07/15/92,Daily News,,26,Nearly died laughing ,,,https://www.churchofeuthanasia.org/press/dailynews2.html,64,English,,,
